subject1,subject2,subject3
Digital Humanities,Research,Technology
History,Photography,Archives
Environmental Science,Sustainability,Climate
Literature,Poetry,Performance
Art,Installation,Contemporary
Manuscripts,Medieval Studies,History
Archaeology,Field Research,Anthropology
Music,Performance,Audio
Film,Documentary,Media
Science,Data,Research
Oral History,Interview,Community
Photography,Art,Portfolio
Education,Graduate Studies,Research
History,Archives,Documents
Science,Laboratory,Education
Community,Oral History,Culture
Academic,Conference,Proceedings
Art,Student Work,Exhibition
Research,Methodology,Education
Cultural Heritage,Preservation,Digital
Medieval Studies,Literature,Manuscripts
Climate Science,Environment,Research
Literary Criticism,Literature,Analysis
Botany,Biology,Field Studies
Anthropology,Culture,Society
Digital Art,Technology,Contemporary
History,Community,Heritage
Data Visualization,Science,Technology
Archaeology,History,Excavation
Music,Composition,Performance
Social Media,Communication,Digital
Education,Technology,Innovation
Urban Studies,Planning,Development
Medicine,Research,Health
Film Studies,Cinema,Theory
Philosophy,Theory,Ethics
Economics,Policy,Analysis
Environment,Impact,Sustainability
Creative Writing,Literature,Arts
History,Timeline,Documentation